<?xml version="1.0" encoding="UTF-8"?>
<project-private xmlns="http://www.netbeans.org/ns/project-private/1">
    <editor-bookmarks xmlns="http://www.netbeans.org/ns/editor-bookmarks/2" lastBookmarkId="0"/>
    <open-files xmlns="http://www.netbeans.org/ns/projectui-open-files/2">
        <group>
            <file>file:/C:/Users/Thapelo%20Maoto/OneDrive/Documents/NetBeansProjects/ST10186737_Thapelo_Maoto/src/st10186737_thapelo_maoto/Task2.java</file>
            <file>file:/C:/Users/Thapelo%20Maoto/OneDrive/Documents/NetBeansProjects/ST10186737_Thapelo_Maoto/src/st10186737_thapelo_maoto/Username.java</file>
            <file>file:/C:/Users/Thapelo%20Maoto/OneDrive/Documents/NetBeansProjects/ST10186737_Thapelo_Maoto/src/st10186737_thapelo_maoto/Task.java</file>
        </group>
    </open-files>
</project-private>
